hospital_key,hospital_name,oh_region,peer_group,reporting_period,period_date,avg_wait_physician_hrs,avg_los_low_urgency_hrs,avg_los_high_urgency_hrs,avg_los_admitted_hrs,volume_physician_assess,volume_low_urgency,volume_high_urgency,volume_admitted,pct_within_target_low,pct_within_target_high,pct_within_target_admitted
grand river hospital,Grand River Hospital,West,Large Community,202407,2024-07-01 00:00:00.000000,2.19,5.08,7.26,13.27,3882.0,2530.0,2055.0,970.0,70.7,86.9,50.9
hamilton health sciences - general,Hamilton Health Sciences - General,West,Teaching,202407,2024-07-01 00:00:00.000000,1.76,5.33,6.13,12.4,4430.0,2451.0,1657.0,942.0,65.3,93.6,56.9
health sciences north,Health Sciences North,North,Teaching,202407,2024-07-01 00:00:00.000000,2.33,4.71,6.67,,4721.0,3001.0,1561.0,836.0,73.9,93.7,95.0
kingston health sciences centre,Kingston Health Sciences Centre,East,Teaching,202407,2024-07-01 00:00:00.000000,1.72,4.76,7.73,16.75,4228.0,2840.0,1619.0,965.0,74.7,88.7,25.9
lakeridge health - oshawa,Lakeridge Health - Oshawa,Central,Large Community,202407,2024-07-01 00:00:00.000000,1.77,5.56,6.05,,4870.0,2628.0,1693.0,924.0,65.9,95.0,
london health sciences centre - victoria,London Health Sciences Centre - Victoria,West,Teaching,202407,2024-07-01 00:00:00.000000,1.93,4.67,7.91,15.91,4176.0,2343.0,1565.0,707.0,76.1,84.3,31.1
markham stouffville hospital,Markham Stouffville Hospital,Central,Large Community,202407,2024-07-01 00:00:00.000000,2.16,5.67,6.26,13.03,3828.0,2523.0,2225.0,1034.0,64.4,,45.5
niagara health - st. catharines,Niagara Health - St. Catharines,West,Large Community,202407,2024-07-01 00:00:00.000000,1.91,4.04,6.87,14.62,3459.0,3283.0,1657.0,956.0,79.4,91.8,38.0
north york general hospital,North York General Hospital,Toronto,Large Community,202407,2024-07-01 00:00:00.000000,2.24,5.31,7.32,15.62,4600.0,2161.0,1624.0,723.0,61.8,90.3,29.2
ottawa hospital - civic campus,Ottawa Hospital - Civic Campus,East,Teaching,202407,2024-07-01 00:00:00.000000,2.15,4.61,7.28,17.07,4694.0,3174.0,1792.0,846.0,74.1,85.5,25.0
peterborough regional health centre,Peterborough Regional Health Centre,East,Large Community,202407,2024-07-01 00:00:00.000000,1.91,3.86,6.9,14.39,4947.0,3322.0,1455.0,854.0,89.1,92.2,37.1
royal victoria regional health centre,Royal Victoria Regional Health Centre,Central,Large Community,202407,2024-07-01 00:00:00.000000,2.35,4.34,6.01,12.25,3555.0,2582.0,1504.0,998.0,77.3,95.0,51.9
scarborough health network - general,Scarborough Health Network - General,Toronto,Large Community,202407,2024-07-01 00:00:00.000000,1.78,,8.07,14.55,4894.0,3123.0,1991.0,727.0,95.0,82.0,36.8
st. michael's hospital,St. Michael's Hospital,Toronto,Teaching,202407,2024-07-01 00:00:00.000000,2.04,5.17,7.92,14.98,4795.0,3104.0,2233.0,904.0,65.8,81.4,32.7
sunnybrook health sciences centre,Sunnybrook Health Sciences Centre,Toronto,Teaching,202407,2024-07-01 00:00:00.000000,2.24,5.48,7.41,16.8,4416.0,2926.0,1689.0,947.0,60.5,88.1,25.7
thunder bay regional health sciences centre,Thunder Bay Regional Health Sciences Centre,North,Teaching,202407,2024-07-01 00:00:00.000000,2.2,5.43,6.16,14.29,3442.0,2367.0,1525.0,1043.0,63.4,95.0,42.1
toronto general hospital,Toronto General Hospital,Toronto,Teaching,202407,2024-07-01 00:00:00.000000,2.42,4.66,6.63,15.27,3236.0,2366.0,2221.0,925.0,,93.7,29.9
trillium health partners - mississauga,Trillium Health Partners - Mississauga,Central,Large Community,202407,2024-07-01 00:00:00.000000,1.76,4.73,6.29,14.09,3290.0,2715.0,1694.0,1005.0,72.3,95.0,45.5
william osler health system - brampton civic,William Osler Health System - Brampton Civic,Central,Large Community,202407,2024-07-01 00:00:00.000000,2.29,5.51,7.18,12.34,4159.0,2828.0,1927.0,691.0,61.4,89.2,53.0
windsor regional hospital - ouellette,Windsor Regional Hospital - Ouellette,West,Large Community,202407,2024-07-01 00:00:00.000000,1.68,5.32,7.17,14.88,4071.0,3213.0,1557.0,796.0,65.5,90.9,33.7
grand river hospital,Grand River Hospital,West,Large Community,202408,2024-08-01 00:00:00.000000,1.64,3.9,6.2,12.34,3684.0,2138.0,1653.0,878.0,82.6,95.0,50.2
hamilton health sciences - general,Hamilton Health Sciences - General,West,Teaching,202408,2024-08-01 00:00:00.000000,2.07,5.49,6.1,16.69,4946.0,2182.0,1769.0,723.0,66.1,95.0,25.0
health sciences north,Health Sciences North,North,Teaching,202408,2024-08-01 00:00:00.000000,1.97,5.07,6.87,17.53,3981.0,2243.0,1534.0,1068.0,,90.9,25.0
kingston health sciences centre,Kingston Health Sciences Centre,East,Teaching,202408,2024-08-01 00:00:00.000000,,5.38,7.75,16.59,4129.0,2892.0,1898.0,891.0,63.0,82.4,25.0
lakeridge health - oshawa,Lakeridge Health - Oshawa,Central,Large Community,202408,2024-08-01 00:00:00.000000,2.26,4.21,6.05,13.68,4724.0,2925.0,1514.0,939.0,83.0,95.0,47.9
london health sciences centre - victoria,London Health Sciences Centre - Victoria,West,Teaching,202408,2024-08-01 00:00:00.000000,2.04,4.96,5.84,15.04,3822.0,2221.0,1575.0,857.0,71.5,95.0,36.4
markham stouffville hospital,Markham Stouffville Hospital,Central,Large Community,202408,2024-08-01 00:00:00.000000,2.39,5.03,7.58,16.12,3423.0,2499.0,2158.0,1010.0,65.3,87.6,27.3
niagara health - st. catharines,Niagara Health - St. Catharines,West,Large Community,202408,2024-08-01 00:00:00.000000,1.88,5.33,5.7,13.5,4280.0,3271.0,2003.0,1064.0,65.1,95.0,45.4
north york general hospital,North York General Hospital,Toronto,Large Community,202408,2024-08-01 00:00:00.000000,2.14,4.28,6.38,16.39,3231.0,2341.0,1542.0,1045.0,83.6,92.4,27.5
ottawa hospital - civic campus,Ottawa Hospital - Civic Campus,East,Teaching,202408,2024-08-01 00:00:00.000000,2.24,5.14,7.03,13.61,3431.0,2657.0,1645.0,704.0,68.5,86.4,42.8
peterborough regional health centre,Peterborough Regional Health Centre,East,Large Community,202408,2024-08-01 00:00:00.000000,1.87,,7.18,14.57,3644.0,2638.0,1663.0,884.0,95.0,90.3,
royal victoria regional health centre,Royal Victoria Regional Health Centre,Central,Large Community,202408,2024-08-01 00:00:00.000000,2.33,4.39,6.04,12.15,4522.0,2749.0,2112.0,986.0,80.7,95.0,58.4
scarborough health network - general,Scarborough Health Network - General,Toronto,Large Community,202408,2024-08-01 00:00:00.000000,2.0,4.88,6.93,,4867.0,2134.0,1570.0,737.0,70.8,89.8,38.5
st. michael's hospital,St. Michael's Hospital,Toronto,Teaching,202408,2024-08-01 00:00:00.000000,2.5,5.89,8.05,18.98,3303.0,3166.0,2004.0,993.0,55.1,81.4,25.0
sunnybrook health sciences centre,Sunnybrook Health Sciences Centre,Toronto,Teaching,202408,2024-08-01 00:00:00.000000,2.07,5.3,6.9,17.68,3642.0,2285.0,2113.0,1061.0,62.7,93.5,25.0
thunder bay regional health sciences centre,Thunder Bay Regional Health Sciences Centre,North,Teaching,202408,2024-08-01 00:00:00.000000,2.49,4.51,8.06,12.7,3240.0,2353.0,1786.0,806.0,73.9,85.5,52.5
toronto general hospital,Toronto General Hospital,Toronto,Teaching,202408,2024-08-01 00:00:00.000000,2.22,5.32,8.58,15.86,4006.0,3312.0,1904.0,768.0,,76.7,32.3
trillium health partners - mississauga,Trillium Health Partners - Mississauga,Central,Large Community,202408,2024-08-01 00:00:00.000000,2.14,4.58,6.63,14.4,3682.0,,2002.0,951.0,73.9,93.7,36.8
william osler health system - brampton civic,William Osler Health System - Brampton Civic,Central,Large Community,202408,2024-08-01 00:00:00.000000,2.0,4.56,7.21,13.82,3481.0,2979.0,1985.0,784.0,74.7,91.3,39.8
windsor regional hospital - ouellette,Windsor Regional Hospital - Ouellette,West,Large Community,202408,2024-08-01 00:00:00.000000,2.24,4.28,6.28,15.84,4016.0,2720.0,1758.0,948.0,80.2,91.7,26.5
grand river hospital,Grand River Hospital,West,Large Community,202409,2024-09-01 00:00:00.000000,1.73,4.8,5.63,13.95,3803.0,2596.0,2315.0,955.0,75.7,95.0,39.2
hamilton health sciences - general,Hamilton Health Sciences - General,West,Teaching,202409,2024-09-01 00:00:00.000000,2.21,5.62,7.34,14.53,5037.0,2666.0,2364.0,925.0,63.0,90.9,38.3
health sciences north,Health Sciences North,North,Teaching,202409,2024-09-01 00:00:00.000000,2.15,6.26,7.89,15.93,3795.0,2774.0,1776.0,784.0,50.8,87.6,31.3
kingston health sciences centre,Kingston Health Sciences Centre,East,Teaching,202409,2024-09-01 00:00:00.000000,2.03,5.54,7.97,16.53,4904.0,3134.0,1907.0,763.0,60.5,86.5,25.0
lakeridge health - oshawa,Lakeridge Health - Oshawa,Central,Large Community,202409,2024-09-01 00:00:00.000000,1.96,5.48,7.48,,3454.0,,1584.0,859.0,67.0,86.2,38.9
london health sciences centre - victoria,London Health Sciences Centre - Victoria,West,Teaching,202409,2024-09-01 00:00:00.000000,1.91,4.86,7.3,16.47,5130.0,2598.0,1752.0,845.0,68.0,89.1,25.0
markham stouffville hospital,Markham Stouffville Hospital,Central,Large Community,202409,2024-09-01 00:00:00.000000,1.82,5.63,7.46,13.03,5033.0,2392.0,2161.0,942.0,60.4,83.5,51.7
niagara health - st. catharines,Niagara Health - St. Catharines,West,Large Community,202409,2024-09-01 00:00:00.000000,1.81,5.23,6.75,12.67,4617.0,3186.0,2055.0,1103.0,66.2,95.0,52.0
north york general hospital,North York General Hospital,Toronto,Large Community,202409,2024-09-01 00:00:00.000000,2.18,6.25,8.13,13.9,3724.0,2854.0,1904.0,1047.0,53.5,81.0,44.2
ottawa hospital - civic campus,Ottawa Hospital - Civic Campus,East,Teaching,202409,2024-09-01 00:00:00.000000,2.49,4.7,6.59,16.61,3609.0,3402.0,1957.0,1062.0,73.9,93.9,25.2
peterborough regional health centre,Peterborough Regional Health Centre,East,Large Community,202409,2024-09-01 00:00:00.000000,1.86,4.03,6.02,13.47,4890.0,3208.0,1690.0,910.0,80.6,95.0,42.1
royal victoria regional health centre,Royal Victoria Regional Health Centre,Central,Large Community,202409,2024-09-01 00:00:00.000000,2.08,4.86,6.16,15.46,4833.0,2440.0,1582.0,996.0,73.9,93.3,35.1
scarborough health network - general,Scarborough Health Network - General,Toronto,Large Community,202409,2024-09-01 00:00:00.000000,1.99,6.19,6.93,17.47,3736.0,3302.0,2354.0,1069.0,50.3,87.5,25.0
st. michael's hospital,St. Michael's Hospital,Toronto,Teaching,202409,2024-09-01 00:00:00.000000,2.6,,8.31,15.38,3619.0,3211.0,2296.0,1092.0,95.0,,36.5
sunnybrook health sciences centre,Sunnybrook Health Sciences Centre,Toronto,Teaching,202409,2024-09-01 00:00:00.000000,2.7,5.45,8.57,16.53,5137.0,2754.0,2328.0,899.0,60.5,80.8,25.0
thunder bay regional health sciences centre,Thunder Bay Regional Health Sciences Centre,North,Teaching,202409,2024-09-01 00:00:00.000000,2.36,5.48,7.25,14.27,4500.0,2723.0,1554.0,864.0,63.9,90.1,37.3
toronto general hospital,Toronto General Hospital,Toronto,Teaching,202409,2024-09-01 00:00:00.000000,2.52,5.16,8.72,15.76,4244.0,2244.0,,949.0,67.6,79.1,27.2
trillium health partners - mississauga,Trillium Health Partners - Mississauga,Central,Large Community,202409,2024-09-01 00:00:00.000000,1.82,5.34,5.83,,4042.0,2450.0,1963.0,767.0,63.2,95.0,39.8
william osler health system - brampton civic,William Osler Health System - Brampton Civic,Central,Large Community,202409,2024-09-01 00:00:00.000000,2.14,5.92,6.2,13.39,5238.0,2791.0,1620.0,1063.0,59.4,95.0,49.1
windsor regional hospital - ouellette,Windsor Regional Hospital - Ouellette,West,Large Community,202409,2024-09-01 00:00:00.000000,2.13,5.12,5.9,12.48,4438.0,3442.0,1668.0,1008.0,70.6,95.0,
grand river hospital,Grand River Hospital,West,Large Community,202410,2024-10-01 00:00:00.000000,1.78,5.42,5.7,15.38,5020.0,3471.0,1829.0,965.0,61.9,95.0,32.1
hamilton health sciences - general,Hamilton Health Sciences - General,West,Teaching,202410,2024-10-01 00:00:00.000000,2.58,5.43,6.25,16.88,4768.0,3064.0,2169.0,1012.0,66.6,95.0,25.0
health sciences north,Health Sciences North,North,Teaching,202410,2024-10-01 00:00:00.000000,2.62,5.46,7.98,14.53,3882.0,2900.0,2135.0,761.0,61.8,80.6,36.6
kingston health sciences centre,Kingston Health Sciences Centre,East,Teaching,202410,2024-10-01 00:00:00.000000,2.05,5.38,7.4,15.81,4898.0,2649.0,1572.0,799.0,61.1,90.1,28.2
lakeridge health - oshawa,Lakeridge Health - Oshawa,Central,Large Community,202410,2024-10-01 00:00:00.000000,1.83,5.35,7.58,13.41,4788.0,3448.0,1715.0,1023.0,66.8,85.0,45.3
london health sciences centre - victoria,London Health Sciences Centre - Victoria,West,Teaching,202410,2024-10-01 00:00:00.000000,2.19,6.01,7.79,13.14,3375.0,2790.0,2211.0,740.0,53.7,81.8,45.2
markham stouffville hospital,Markham Stouffville Hospital,Central,Large Community,202410,2024-10-01 00:00:00.000000,,4.37,8.02,17.01,3678.0,3039.0,1840.0,787.0,77.6,82.1,25.0
niagara health - st. catharines,Niagara Health - St. Catharines,West,Large Community,202410,2024-10-01 00:00:00.000000,1.74,4.76,6.67,16.0,3408.0,3203.0,1916.0,1039.0,74.5,93.9,29.6
north york general hospital,North York General Hospital,Toronto,Large Community,202410,2024-10-01 00:00:00.000000,2.42,6.24,8.56,14.83,3764.0,3257.0,1880.0,1060.0,54.8,,
ottawa hospital - civic campus,Ottawa Hospital - Civic Campus,East,Teaching,202410,2024-10-01 00:00:00.000000,2.32,4.37,6.46,13.56,4685.0,3256.0,1607.0,1097.0,79.4,90.1,46.5
peterborough regional health centre,Peterborough Regional Health Centre,East,Large Community,202410,2024-10-01 00:00:00.000000,1.81,4.02,7.18,12.88,4139.0,2980.0,1979.0,886.0,86.4,87.4,48.2
royal victoria regional health centre,Royal Victoria Regional Health Centre,Central,Large Community,202410,2024-10-01 00:00:00.000000,2.48,5.35,6.86,16.75,4667.0,3306.0,1825.0,1110.0,63.2,91.2,25.0
scarborough health network - general,Scarborough Health Network - General,Toronto,Large Community,202410,2024-10-01 00:00:00.000000,2.53,5.19,8.44,14.66,4548.0,2901.0,2128.0,918.0,67.0,76.9,38.2
st. michael's hospital,St. Michael's Hospital,Toronto,Teaching,202410,2024-10-01 00:00:00.000000,2.3,,6.8,18.61,4218.0,3145.0,2092.0,724.0,95.0,87.8,25.0
sunnybrook health sciences centre,Sunnybrook Health Sciences Centre,Toronto,Teaching,202410,2024-10-01 00:00:00.000000,2.12,6.37,8.72,17.45,4962.0,2501.0,1613.0,1021.0,53.2,,25.0
thunder bay regional health sciences centre,Thunder Bay Regional Health Sciences Centre,North,Teaching,202410,2024-10-01 00:00:00.000000,1.95,5.1,6.14,13.56,4733.0,2288.0,2332.0,952.0,67.4,95.0,47.5
toronto general hospital,Toronto General Hospital,Toronto,Teaching,202410,2024-10-01 00:00:00.000000,2.79,,6.92,14.66,4787.0,2981.0,2319.0,984.0,95.0,88.4,35.7
trillium health partners - mississauga,Trillium Health Partners - Mississauga,Central,Large Community,202410,2024-10-01 00:00:00.000000,2.01,5.65,7.6,14.49,4767.0,3194.0,2188.0,785.0,61.6,,35.4
william osler health system - brampton civic,William Osler Health System - Brampton Civic,Central,Large Community,202410,2024-10-01 00:00:00.000000,2.34,5.19,6.74,16.23,4041.0,3099.0,1551.0,944.0,69.5,95.0,29.6
windsor regional hospital - ouellette,Windsor Regional Hospital - Ouellette,West,Large Community,202410,2024-10-01 00:00:00.000000,2.04,5.25,7.09,12.51,4852.0,2715.0,2001.0,823.0,64.4,88.9,49.7
grand river hospital,Grand River Hospital,West,Large Community,202411,2024-11-01 00:00:00.000000,2.31,4.3,6.93,15.72,3389.0,3332.0,2369.0,1013.0,80.9,94.2,33.6
hamilton health sciences - general,Hamilton Health Sciences - General,West,Teaching,202411,2024-11-01 00:00:00.000000,2.31,5.19,6.91,15.98,4630.0,2977.0,2357.0,847.0,67.7,94.7,29.7
health sciences north,Health Sciences North,North,Teaching,202411,2024-11-01 00:00:00.000000,2.36,4.68,8.27,17.18,4995.0,3255.0,2090.0,964.0,72.3,85.3,25.0
kingston health sciences centre,Kingston Health Sciences Centre,East,Teaching,202411,2024-11-01 00:00:00.000000,2.23,4.82,7.19,15.34,4515.0,2279.0,2241.0,896.0,71.3,,36.0
lakeridge health - oshawa,Lakeridge Health - Oshawa,Central,Large Community,202411,2024-11-01 00:00:00.000000,2.27,5.97,5.96,14.29,3686.0,2932.0,1796.0,970.0,55.9,95.0,42.0
london health sciences centre - victoria,London Health Sciences Centre - Victoria,West,Teaching,202411,2024-11-01 00:00:00.000000,2.09,5.26,6.05,15.99,3948.0,2482.0,1914.0,769.0,70.0,95.0,31.5
markham stouffville hospital,Markham Stouffville Hospital,Central,Large Community,202411,2024-11-01 00:00:00.000000,1.87,4.93,7.23,12.77,3764.0,2324.0,2359.0,1089.0,72.3,85.8,51.4
niagara health - st. catharines,Niagara Health - St. Catharines,West,Large Community,202411,2024-11-01 00:00:00.000000,1.96,4.56,6.8,14.06,3562.0,3008.0,1607.0,1002.0,75.3,94.3,41.0
north york general hospital,North York General Hospital,Toronto,Large Community,202411,2024-11-01 00:00:00.000000,2.08,6.22,7.42,14.21,4784.0,2369.0,1524.0,775.0,55.9,84.4,43.9
ottawa hospital - civic campus,Ottawa Hospital - Civic Campus,East,Teaching,202411,2024-11-01 00:00:00.000000,1.86,4.87,7.16,14.75,4064.0,2348.0,2200.0,1018.0,73.4,88.0,37.0
peterborough regional health centre,Peterborough Regional Health Centre,East,Large Community,202411,2024-11-01 00:00:00.000000,1.78,4.32,6.38,12.6,4756.0,2611.0,2108.0,749.0,76.0,93.7,50.0
royal victoria regional health centre,Royal Victoria Regional Health Centre,Central,Large Community,202411,2024-11-01 00:00:00.000000,2.31,4.29,6.73,14.07,3650.0,3050.0,2142.0,793.0,,89.2,40.6
scarborough health network - general,Scarborough Health Network - General,Toronto,Large Community,202411,2024-11-01 00:00:00.000000,2.32,5.31,7.86,16.14,4502.0,2364.0,2282.0,1105.0,69.4,87.6,25.9
st. michael's hospital,St. Michael's Hospital,Toronto,Teaching,202411,2024-11-01 00:00:00.000000,2.55,6.45,8.04,17.02,5137.0,3280.0,1952.0,927.0,50.0,82.7,25.0
sunnybrook health sciences centre,Sunnybrook Health Sciences Centre,Toronto,Teaching,202411,2024-11-01 00:00:00.000000,2.82,5.4,8.32,18.27,3474.0,3037.0,2177.0,871.0,62.7,80.6,25.0
thunder bay regional health sciences centre,Thunder Bay Regional Health Sciences Centre,North,Teaching,202411,2024-11-01 00:00:00.000000,2.08,5.1,6.89,16.37,4129.0,2320.0,2223.0,859.0,67.8,92.7,28.0
toronto general hospital,Toronto General Hospital,Toronto,Teaching,202411,2024-11-01 00:00:00.000000,2.75,,7.37,14.81,3502.0,3377.0,2348.0,795.0,70.8,84.3,40.2
trillium health partners - mississauga,Trillium Health Partners - Mississauga,Central,Large Community,202411,2024-11-01 00:00:00.000000,,4.91,5.9,13.04,4785.0,2718.0,1800.0,1060.0,68.0,95.0,48.8
william osler health system - brampton civic,William Osler Health System - Brampton Civic,Central,Large Community,202411,2024-11-01 00:00:00.000000,1.94,5.55,7.09,16.62,4388.0,3348.0,1741.0,,62.6,86.6,28.1
windsor regional hospital - ouellette,Windsor Regional Hospital - Ouellette,West,Large Community,202411,2024-11-01 00:00:00.000000,2.39,4.57,,15.94,4049.0,3321.0,1881.0,944.0,73.0,95.0,
grand river hospital,Grand River Hospital,West,Large Community,202412,2024-12-01 00:00:00.000000,2.04,5.29,6.61,16.59,5292.0,3577.0,1978.0,1037.0,63.4,95.0,25.0
hamilton health sciences - general,Hamilton Health Sciences - General,West,Teaching,202412,2024-12-01 00:00:00.000000,2.64,5.79,6.85,19.31,4445.0,2526.0,2453.0,1168.0,56.4,88.2,25.0
health sciences north,Health Sciences North,North,Teaching,202412,2024-12-01 00:00:00.000000,2.64,6.79,7.27,19.43,5409.0,2866.0,2237.0,1185.0,43.3,90.8,25.0
kingston health sciences centre,Kingston Health Sciences Centre,East,Teaching,202412,2024-12-01 00:00:00.000000,2.37,5.98,6.76,17.46,5499.0,2556.0,2554.0,811.0,56.1,88.6,25.0
lakeridge health - oshawa,Lakeridge Health - Oshawa,Central,Large Community,202412,2024-12-01 00:00:00.000000,2.37,5.45,7.34,16.47,4645.0,2783.0,2545.0,894.0,65.2,88.0,25.0
london health sciences centre - victoria,London Health Sciences Centre - Victoria,West,Teaching,202412,2024-12-01 00:00:00.000000,2.73,5.95,7.55,17.23,5000.0,3476.0,2237.0,940.0,53.2,84.1,25.0
markham stouffville hospital,Markham Stouffville Hospital,Central,Large Community,202412,2024-12-01 00:00:00.000000,2.61,5.45,7.05,14.57,5366.0,2901.0,1754.0,1029.0,64.8,91.8,35.3
niagara health - st. catharines,Niagara Health - St. Catharines,West,Large Community,202412,2024-12-01 00:00:00.000000,2.39,6.21,8.17,17.4,3897.0,3517.0,2373.0,930.0,51.8,82.3,25.0
north york general hospital,North York General Hospital,Toronto,Large Community,202412,2024-12-01 00:00:00.000000,2.3,6.55,8.46,17.64,4774.0,2799.0,2207.0,1087.0,49.8,81.6,25.0
ottawa hospital - civic campus,Ottawa Hospital - Civic Campus,East,Teaching,202412,2024-12-01 00:00:00.000000,2.21,4.96,6.92,19.33,5552.0,3443.0,2439.0,847.0,71.9,90.2,25.0
peterborough regional health centre,Peterborough Regional Health Centre,East,Large Community,202412,2024-12-01 00:00:00.000000,1.99,5.95,7.81,14.56,5874.0,3688.0,2611.0,829.0,60.1,86.5,38.8
royal victoria regional health centre,Royal Victoria Regional Health Centre,Central,Large Community,202412,2024-12-01 00:00:00.000000,2.61,4.96,8.07,14.34,5555.0,3469.0,2533.0,1099.0,67.8,79.8,38.5
scarborough health network - general,Scarborough Health Network - General,Toronto,Large Community,202412,2024-12-01 00:00:00.000000,2.44,,7.29,16.16,5212.0,3344.0,1746.0,859.0,95.0,91.8,25.0
st. michael's hospital,St. Michael's Hospital,Toronto,Teaching,202412,2024-12-01 00:00:00.000000,2.58,7.42,,17.88,3898.0,3141.0,1915.0,1231.0,39.5,95.0,25.0
sunnybrook health sciences centre,Sunnybrook Health Sciences Centre,Toronto,Teaching,202412,2024-12-01 00:00:00.000000,2.79,6.56,9.34,20.25,4460.0,2727.0,2366.0,820.0,47.2,73.1,25.0
thunder bay regional health sciences centre,Thunder Bay Regional Health Sciences Centre,North,Teaching,202412,2024-12-01 00:00:00.000000,2.59,5.49,7.84,20.56,4642.0,3908.0,1803.0,,66.9,84.6,25.0
toronto general hospital,Toronto General Hospital,Toronto,Teaching,202412,2024-12-01 00:00:00.000000,2.81,6.82,9.0,17.09,4869.0,3303.0,1992.0,934.0,48.2,80.1,25.0
trillium health partners - mississauga,Trillium Health Partners - Mississauga,Central,Large Community,202412,2024-12-01 00:00:00.000000,2.32,6.45,7.87,14.35,5234.0,3532.0,1843.0,887.0,51.8,85.5,36.6
william osler health system - brampton civic,William Osler Health System - Brampton Civic,Central,Large Community,202412,2024-12-01 00:00:00.000000,2.23,5.09,8.06,18.31,5424.0,3109.0,2311.0,1197.0,68.4,86.9,25.0
windsor regional hospital - ouellette,Windsor Regional Hospital - Ouellette,West,Large Community,202412,2024-12-01 00:00:00.000000,1.92,5.43,7.19,15.79,4831.0,3511.0,2220.0,1034.0,60.4,87.9,33.9
grand river hospital,Grand River Hospital,West,Large Community,202501,2025-01-01 00:00:00.000000,2.64,4.73,7.79,17.01,4972.0,2701.0,2193.0,917.0,75.4,84.4,25.0
hamilton health sciences - general,Hamilton Health Sciences - General,West,Teaching,202501,2025-01-01 00:00:00.000000,2.27,6.89,8.29,18.04,5076.0,2923.0,1946.0,968.0,45.6,84.9,25.0
health sciences north,Health Sciences North,North,Teaching,202501,2025-01-01 00:00:00.000000,2.84,6.15,7.93,15.84,4790.0,3070.0,2584.0,1256.0,57.3,84.9,27.5
kingston health sciences centre,Kingston Health Sciences Centre,East,Teaching,202501,2025-01-01 00:00:00.000000,2.51,5.0,7.55,18.74,4406.0,3222.0,1870.0,993.0,67.9,89.5,25.0
lakeridge health - oshawa,Lakeridge Health - Oshawa,Central,Large Community,202501,2025-01-01 00:00:00.000000,2.64,4.92,6.57,15.79,5788.0,3757.0,2319.0,931.0,70.3,92.9,
london health sciences centre - victoria,London Health Sciences Centre - Victoria,West,Teaching,202501,2025-01-01 00:00:00.000000,2.19,5.42,6.99,17.76,,3526.0,2203.0,1124.0,65.4,88.1,25.0
markham stouffville hospital,Markham Stouffville Hospital,Central,Large Community,202501,2025-01-01 00:00:00.000000,2.06,6.34,7.52,17.74,5297.0,2621.0,2520.0,839.0,50.7,87.2,25.0
niagara health - st. catharines,Niagara Health - St. Catharines,West,Large Community,202501,2025-01-01 00:00:00.000000,2.37,5.08,7.56,16.79,4976.0,3238.0,2473.0,1250.0,66.1,86.9,25.0
north york general hospital,North York General Hospital,Toronto,Large Community,202501,2025-01-01 00:00:00.000000,2.19,5.47,7.3,16.33,3996.0,3068.0,1966.0,1047.0,60.1,89.5,25.4
ottawa hospital - civic campus,Ottawa Hospital - Civic Campus,East,Teaching,202501,2025-01-01 00:00:00.000000,2.34,5.11,6.75,19.75,3866.0,2525.0,2657.0,1002.0,67.1,95.0,25.0
peterborough regional health centre,Peterborough Regional Health Centre,East,Large Community,202501,2025-01-01 00:00:00.000000,2.5,5.49,7.87,16.69,3856.0,3549.0,1782.0,1245.0,59.3,81.1,25.1
royal victoria regional health centre,Royal Victoria Regional Health Centre,Central,Large Community,202501,2025-01-01 00:00:00.000000,2.18,5.19,8.71,16.81,4174.0,3684.0,1896.0,950.0,69.8,81.1,25.0
scarborough health network - general,Scarborough Health Network - General,Toronto,Large Community,202501,2025-01-01 00:00:00.000000,,6.45,7.46,15.0,5848.0,3843.0,2397.0,880.0,52.3,86.9,32.5
st. michael's hospital,St. Michael's Hospital,Toronto,Teaching,202501,2025-01-01 00:00:00.000000,2.29,6.08,8.18,18.17,5028.0,3660.0,2235.0,995.0,57.5,81.7,25.0
sunnybrook health sciences centre,Sunnybrook Health Sciences Centre,Toronto,Teaching,202501,2025-01-01 00:00:00.000000,2.41,5.68,9.66,21.76,5360.0,3465.0,1979.0,825.0,59.6,71.1,25.0
thunder bay regional health sciences centre,Thunder Bay Regional Health Sciences Centre,North,Teaching,202501,2025-01-01 00:00:00.000000,2.45,6.33,9.27,18.59,5110.0,3474.0,1870.0,1255.0,50.6,,25.0
toronto general hospital,Toronto General Hospital,Toronto,Teaching,202501,2025-01-01 00:00:00.000000,2.3,7.29,9.62,18.78,4469.0,3330.0,2588.0,1110.0,41.4,,
trillium health partners - mississauga,Trillium Health Partners - Mississauga,Central,Large Community,202501,2025-01-01 00:00:00.000000,2.54,5.42,6.79,16.26,4800.0,3039.0,2348.0,1249.0,67.1,92.3,25.5
william osler health system - brampton civic,William Osler Health System - Brampton Civic,Central,Large Community,202501,2025-01-01 00:00:00.000000,2.3,6.56,8.91,17.85,4376.0,3763.0,2450.0,1089.0,48.6,77.3,25.0
windsor regional hospital - ouellette,Windsor Regional Hospital - Ouellette,West,Large Community,202501,2025-01-01 00:00:00.000000,,5.14,6.32,15.49,4429.0,2853.0,2609.0,1038.0,67.0,93.9,28.5
grand river hospital,Grand River Hospital,West,Large Community,202502,2025-02-01 00:00:00.000000,2.4,5.72,7.19,15.29,3950.0,3399.0,2044.0,857.0,62.8,88.4,36.1
hamilton health sciences - general,Hamilton Health Sciences - General,West,Teaching,202502,2025-02-01 00:00:00.000000,2.24,5.64,8.68,,4214.0,2847.0,1726.0,1240.0,62.4,78.4,41.9
health sciences north,Health Sciences North,North,Teaching,202502,2025-02-01 00:00:00.000000,2.93,6.5,8.44,18.41,5578.0,3894.0,1794.0,830.0,47.7,79.0,25.0
kingston health sciences centre,Kingston Health Sciences Centre,East,Teaching,202502,2025-02-01 00:00:00.000000,2.4,6.68,7.27,14.37,4771.0,3142.0,1796.0,810.0,43.4,86.5,39.3
lakeridge health - oshawa,Lakeridge Health - Oshawa,Central,Large Community,202502,2025-02-01 00:00:00.000000,2.3,6.29,7.46,14.72,4430.0,2564.0,2044.0,900.0,48.5,87.6,35.2
london health sciences centre - victoria,London Health Sciences Centre - Victoria,West,Teaching,202502,2025-02-01 00:00:00.000000,2.6,5.37,8.79,18.21,4527.0,3241.0,2254.0,1229.0,64.8,75.4,25.0
markham stouffville hospital,Markham Stouffville Hospital,Central,Large Community,202502,2025-02-01 00:00:00.000000,2.77,5.66,7.15,,5817.0,2869.0,1735.0,1238.0,61.8,90.7,42.6
niagara health - st. catharines,Niagara Health - St. Catharines,West,Large Community,202502,2025-02-01 00:00:00.000000,2.1,5.16,7.85,17.64,5729.0,3088.0,1990.0,1058.0,66.2,80.9,
north york general hospital,North York General Hospital,Toronto,Large Community,202502,2025-02-01 00:00:00.000000,2.24,6.45,9.54,14.98,4194.0,2749.0,,1114.0,,76.7,37.7
ottawa hospital - civic campus,Ottawa Hospital - Civic Campus,East,Teaching,202502,2025-02-01 00:00:00.000000,2.53,6.43,7.41,15.73,4283.0,3630.0,1912.0,1048.0,52.3,87.8,31.0
peterborough regional health centre,Peterborough Regional Health Centre,East,Large Community,202502,2025-02-01 00:00:00.000000,1.93,5.93,7.65,15.26,5483.0,2952.0,1787.0,828.0,,86.4,29.9
royal victoria regional health centre,Royal Victoria Regional Health Centre,Central,Large Community,202502,2025-02-01 00:00:00.000000,2.29,5.51,9.05,19.94,4729.0,2840.0,2529.0,1211.0,60.0,75.8,25.0
scarborough health network - general,Scarborough Health Network - General,Toronto,Large Community,202502,2025-02-01 00:00:00.000000,2.55,6.62,8.15,15.5,5301.0,2886.0,2241.0,941.0,51.1,80.4,28.1
st. michael's hospital,St. Michael's Hospital,Toronto,Teaching,202502,2025-02-01 00:00:00.000000,2.79,6.27,10.1,21.19,5811.0,3362.0,1905.0,979.0,54.1,72.4,25.0
sunnybrook health sciences centre,Sunnybrook Health Sciences Centre,Toronto,Teaching,202502,2025-02-01 00:00:00.000000,2.56,6.12,7.79,21.89,5459.0,2987.0,1891.0,1098.0,54.6,88.5,25.0
thunder bay regional health sciences centre,Thunder Bay Regional Health Sciences Centre,North,Teaching,202502,2025-02-01 00:00:00.000000,2.93,6.29,9.42,16.98,3777.0,3904.0,2304.0,1220.0,50.3,75.8,25.0
toronto general hospital,Toronto General Hospital,Toronto,Teaching,202502,2025-02-01 00:00:00.000000,2.69,6.32,9.73,16.52,4409.0,3893.0,2120.0,1107.0,49.0,69.6,25.0
trillium health partners - mississauga,Trillium Health Partners - Mississauga,Central,Large Community,202502,2025-02-01 00:00:00.000000,2.35,5.13,7.54,16.74,5862.0,3268.0,2250.0,1031.0,71.1,86.6,25.0
william osler health system - brampton civic,William Osler Health System - Brampton Civic,Central,Large Community,202502,2025-02-01 00:00:00.000000,2.47,5.79,7.92,19.92,5448.0,2535.0,2009.0,1052.0,61.2,83.5,25.0
windsor regional hospital - ouellette,Windsor Regional Hospital - Ouellette,West,Large Community,202502,2025-02-01 00:00:00.000000,2.02,5.11,6.58,,5268.0,2580.0,2492.0,826.0,67.8,91.4,95.0
grand river hospital,Grand River Hospital,West,Large Community,202503,2025-03-01 00:00:00.000000,2.06,4.53,,14.65,5041.0,3157.0,1801.0,866.0,74.0,90.5,35.6
hamilton health sciences - general,Hamilton Health Sciences - General,West,Teaching,202503,2025-03-01 00:00:00.000000,2.37,4.5,7.28,14.55,5205.0,3240.0,2068.0,1095.0,75.8,91.2,38.8
health sciences north,Health Sciences North,North,Teaching,202503,2025-03-01 00:00:00.000000,1.99,4.89,8.52,17.53,4648.0,2809.0,1565.0,1120.0,73.6,80.8,25.0
kingston health sciences centre,Kingston Health Sciences Centre,East,Teaching,202503,2025-03-01 00:00:00.000000,1.84,5.56,6.03,15.36,4482.0,2559.0,2184.0,778.0,64.3,94.5,34.6
lakeridge health - oshawa,Lakeridge Health - Oshawa,Central,Large Community,202503,2025-03-01 00:00:00.000000,1.82,5.47,,14.01,4793.0,3118.0,1859.0,799.0,61.2,92.1,38.4
london health sciences centre - victoria,London Health Sciences Centre - Victoria,West,Teaching,202503,2025-03-01 00:00:00.000000,2.0,5.35,7.1,17.29,4807.0,3491.0,1653.0,790.0,61.2,92.2,25.0
markham stouffville hospital,Markham Stouffville Hospital,Central,Large Community,202503,2025-03-01 00:00:00.000000,1.92,5.29,7.65,16.92,4159.0,3244.0,1877.0,795.0,64.9,84.9,26.0
niagara health - st. catharines,Niagara Health - St. Catharines,West,Large Community,202503,2025-03-01 00:00:00.000000,2.31,4.49,6.96,16.04,4286.0,3225.0,,893.0,79.6,90.0,25.3
north york general hospital,North York General Hospital,Toronto,Large Community,202503,2025-03-01 00:00:00.000000,2.63,5.76,7.94,16.99,3846.0,3157.0,1685.0,1079.0,63.3,85.3,25.0
ottawa hospital - civic campus,Ottawa Hospital - Civic Campus,East,Teaching,202503,2025-03-01 00:00:00.000000,2.24,4.63,7.88,14.55,4883.0,2287.0,1796.0,850.0,70.8,87.1,42.2
peterborough regional health centre,Peterborough Regional Health Centre,East,Large Community,202503,2025-03-01 00:00:00.000000,2.08,4.44,6.85,15.11,4520.0,2299.0,1988.0,777.0,80.6,90.4,35.2
royal victoria regional health centre,Royal Victoria Regional Health Centre,Central,Large Community,202503,2025-03-01 00:00:00.000000,1.88,4.36,,17.12,5170.0,3250.0,1579.0,932.0,75.1,95.0,25.0
scarborough health network - general,Scarborough Health Network - General,Toronto,Large Community,202503,2025-03-01 00:00:00.000000,2.4,6.19,6.8,14.08,4657.0,3399.0,2268.0,779.0,52.0,94.3,38.6
st. michael's hospital,St. Michael's Hospital,Toronto,Teaching,202503,2025-03-01 00:00:00.000000,2.33,5.61,8.71,18.28,4142.0,3290.0,1664.0,1029.0,63.5,82.5,25.0
sunnybrook health sciences centre,Sunnybrook Health Sciences Centre,Toronto,Teaching,202503,2025-03-01 00:00:00.000000,2.31,5.95,8.99,16.01,3500.0,3237.0,1813.0,885.0,54.1,78.3,27.1
thunder bay regional health sciences centre,Thunder Bay Regional Health Sciences Centre,North,Teaching,202503,2025-03-01 00:00:00.000000,2.4,5.82,8.24,18.22,3984.0,2626.0,1739.0,1113.0,58.1,82.5,25.0
toronto general hospital,Toronto General Hospital,Toronto,Teaching,202503,2025-03-01 00:00:00.000000,2.57,6.06,8.59,16.61,4076.0,2646.0,2095.0,881.0,56.5,83.3,26.6
trillium health partners - mississauga,Trillium Health Partners - Mississauga,Central,Large Community,202503,2025-03-01 00:00:00.000000,2.49,4.81,6.31,14.57,4716.0,3075.0,2342.0,779.0,71.9,95.0,37.6
william osler health system - brampton civic,William Osler Health System - Brampton Civic,Central,Large Community,202503,2025-03-01 00:00:00.000000,2.31,5.61,8.1,17.82,3923.0,2725.0,2097.0,1036.0,,83.3,25.0
windsor regional hospital - ouellette,Windsor Regional Hospital - Ouellette,West,Large Community,202503,2025-03-01 00:00:00.000000,1.85,4.85,7.04,13.56,5233.0,3373.0,2234.0,1113.0,72.4,,42.1
grand river hospital,Grand River Hospital,West,Large Community,202504,2025-04-01 00:00:00.000000,1.87,5.24,7.13,14.18,3385.0,2282.0,2146.0,1021.0,63.6,86.3,41.6
hamilton health sciences - general,Hamilton Health Sciences - General,West,Teaching,202504,2025-04-01 00:00:00.000000,1.94,4.42,6.51,13.4,4640.0,2991.0,2233.0,759.0,79.7,95.0,47.8
health sciences north,Health Sciences North,North,Teaching,202504,2025-04-01 00:00:00.000000,2.17,5.14,,14.49,4256.0,3055.0,2362.0,859.0,63.9,95.0,36.3
kingston health sciences centre,Kingston Health Sciences Centre,East,Teaching,202504,2025-04-01 00:00:00.000000,,5.04,6.58,17.86,4300.0,3156.0,1567.0,987.0,72.9,89.9,25.0
lakeridge health - oshawa,Lakeridge Health - Oshawa,Central,Large Community,202504,2025-04-01 00:00:00.000000,1.87,4.38,8.06,13.23,4092.0,3028.0,1852.0,720.0,,86.4,51.0
london health sciences centre - victoria,London Health Sciences Centre - Victoria,West,Teaching,202504,2025-04-01 00:00:00.000000,2.53,5.55,7.82,15.17,3991.0,2308.0,2011.0,895.0,62.2,81.8,34.1
markham stouffville hospital,Markham Stouffville Hospital,Central,Large Community,202504,2025-04-01 00:00:00.000000,1.91,4.3,6.61,16.88,3914.0,2973.0,1887.0,721.0,78.4,95.0,25.0
niagara health - st. catharines,Niagara Health - St. Catharines,West,Large Community,202504,2025-04-01 00:00:00.000000,2.2,5.07,7.57,12.34,3548.0,3477.0,2315.0,934.0,71.8,89.3,53.1
north york general hospital,North York General Hospital,Toronto,Large Community,202504,2025-04-01 00:00:00.000000,2.22,5.72,7.73,17.28,5189.0,2622.0,1520.0,894.0,57.6,86.7,25.0
ottawa hospital - civic campus,Ottawa Hospital - Civic Campus,East,Teaching,202504,2025-04-01 00:00:00.000000,2.24,4.88,8.17,13.03,3691.0,3259.0,2222.0,897.0,68.5,80.5,47.7
peterborough regional health centre,Peterborough Regional Health Centre,East,Large Community,202504,2025-04-01 00:00:00.000000,2.27,4.48,6.94,15.39,4789.0,3477.0,1771.0,869.0,79.9,90.6,31.4
royal victoria regional health centre,Royal Victoria Regional Health Centre,Central,Large Community,202504,2025-04-01 00:00:00.000000,2.25,5.96,7.34,15.45,4193.0,2327.0,2056.0,1030.0,58.5,88.2,34.6
scarborough health network - general,Scarborough Health Network - General,Toronto,Large Community,202504,2025-04-01 00:00:00.000000,2.01,5.5,,14.07,4087.0,2918.0,1522.0,1065.0,63.5,95.0,38.2
st. michael's hospital,St. Michael's Hospital,Toronto,Teaching,202504,2025-04-01 00:00:00.000000,,6.66,7.22,18.49,4365.0,2374.0,2116.0,753.0,44.9,90.9,25.0
sunnybrook health sciences centre,Sunnybrook Health Sciences Centre,Toronto,Teaching,202504,2025-04-01 00:00:00.000000,2.57,6.72,7.71,17.53,5072.0,2630.0,1829.0,1019.0,47.7,83.0,25.0
thunder bay regional health sciences centre,Thunder Bay Regional Health Sciences Centre,North,Teaching,202504,2025-04-01 00:00:00.000000,2.56,5.34,7.36,14.3,3386.0,3390.0,1752.0,1099.0,68.2,91.7,36.5
toronto general hospital,Toronto General Hospital,Toronto,Teaching,202504,2025-04-01 00:00:00.000000,2.23,5.94,6.77,17.54,4963.0,3370.0,1764.0,888.0,59.5,89.1,25.0
trillium health partners - mississauga,Trillium Health Partners - Mississauga,Central,Large Community,202504,2025-04-01 00:00:00.000000,2.0,5.88,5.93,15.65,3663.0,2494.0,2286.0,922.0,58.9,95.0,28.9
william osler health system - brampton civic,William Osler Health System - Brampton Civic,Central,Large Community,202504,2025-04-01 00:00:00.000000,2.47,5.28,8.06,,4271.0,2618.0,2063.0,,69.9,87.0,40.2
windsor regional hospital - ouellette,Windsor Regional Hospital - Ouellette,West,Large Community,202504,2025-04-01 00:00:00.000000,1.81,5.64,6.43,16.03,3546.0,2311.0,1702.0,723.0,59.7,93.0,29.5
grand river hospital,Grand River Hospital,West,Large Community,202505,2025-05-01 00:00:00.000000,2.04,5.72,7.67,15.75,5075.0,2740.0,2027.0,1057.0,58.4,87.6,28.4
hamilton health sciences - general,Hamilton Health Sciences - General,West,Teaching,202505,2025-05-01 00:00:00.000000,2.18,5.57,6.17,16.14,4524.0,2588.0,1759.0,1031.0,61.6,95.0,27.3
health sciences north,Health Sciences North,North,Teaching,202505,2025-05-01 00:00:00.000000,2.22,4.8,7.76,18.28,4535.0,2365.0,1575.0,1006.0,75.9,82.6,25.0
kingston health sciences centre,Kingston Health Sciences Centre,East,Teaching,202505,2025-05-01 00:00:00.000000,1.82,4.42,5.94,13.29,5243.0,3232.0,1641.0,967.0,77.9,95.0,47.1
lakeridge health - oshawa,Lakeridge Health - Oshawa,Central,Large Community,202505,2025-05-01 00:00:00.000000,2.06,4.75,6.07,14.75,4580.0,3411.0,2139.0,872.0,75.2,94.9,40.9
london health sciences centre - victoria,London Health Sciences Centre - Victoria,West,Teaching,202505,2025-05-01 00:00:00.000000,2.04,4.71,6.1,15.92,4172.0,2680.0,2331.0,802.0,70.0,95.0,33.0
markham stouffville hospital,Markham Stouffville Hospital,Central,Large Community,202505,2025-05-01 00:00:00.000000,2.24,5.58,6.5,15.0,4605.0,3094.0,1686.0,766.0,60.5,93.8,37.0
niagara health - st. catharines,Niagara Health - St. Catharines,West,Large Community,202505,2025-05-01 00:00:00.000000,1.95,4.69,7.45,15.16,4907.0,3188.0,1585.0,1050.0,72.1,85.6,32.3
north york general hospital,North York General Hospital,Toronto,Large Community,202505,2025-05-01 00:00:00.000000,2.58,4.65,7.15,16.25,4488.0,2953.0,1879.0,949.0,71.4,86.1,28.2
ottawa hospital - civic campus,Ottawa Hospital - Civic Campus,East,Teaching,202505,2025-05-01 00:00:00.000000,1.85,6.07,7.18,13.24,4958.0,3365.0,2311.0,1053.0,58.2,85.5,44.9
peterborough regional health centre,Peterborough Regional Health Centre,East,Large Community,202505,2025-05-01 00:00:00.000000,1.9,5.45,6.77,15.35,3907.0,2393.0,1689.0,1107.0,60.3,89.1,36.9
royal victoria regional health centre,Royal Victoria Regional Health Centre,Central,Large Community,202505,2025-05-01 00:00:00.000000,1.98,5.44,7.68,17.27,3616.0,2543.0,2142.0,1106.0,63.2,84.3,25.0
scarborough health network - general,Scarborough Health Network - General,Toronto,Large Community,202505,2025-05-01 00:00:00.000000,2.41,4.51,7.69,17.81,4162.0,3287.0,1531.0,1092.0,78.5,87.6,25.0
st. michael's hospital,St. Michael's Hospital,Toronto,Teaching,202505,2025-05-01 00:00:00.000000,2.79,5.44,9.2,17.0,4653.0,2950.0,1565.0,812.0,62.3,78.9,25.0
sunnybrook health sciences centre,Sunnybrook Health Sciences Centre,Toronto,Teaching,202505,2025-05-01 00:00:00.000000,2.06,5.23,6.7,14.88,4048.0,3094.0,1930.0,1088.0,66.6,95.0,32.6
thunder bay regional health sciences centre,Thunder Bay Regional Health Sciences Centre,North,Teaching,202505,2025-05-01 00:00:00.000000,2.58,5.67,6.37,14.26,5072.0,2487.0,2277.0,925.0,61.3,95.0,38.4
toronto general hospital,Toronto General Hospital,Toronto,Teaching,202505,2025-05-01 00:00:00.000000,2.34,6.52,7.14,14.74,5045.0,3398.0,1799.0,1107.0,45.5,87.5,38.1
trillium health partners - mississauga,Trillium Health Partners - Mississauga,Central,Large Community,202505,2025-05-01 00:00:00.000000,2.21,4.94,8.11,16.25,4097.0,3435.0,2037.0,,73.5,86.1,30.2
william osler health system - brampton civic,William Osler Health System - Brampton Civic,Central,Large Community,202505,2025-05-01 00:00:00.000000,2.26,,7.75,16.96,3506.0,3118.0,2054.0,880.0,95.0,81.5,25.0
windsor regional hospital - ouellette,Windsor Regional Hospital - Ouellette,West,Large Community,202505,2025-05-01 00:00:00.000000,2.29,5.11,6.58,16.1,4642.0,3275.0,2248.0,865.0,65.1,94.1,27.2
grand river hospital,Grand River Hospital,West,Large Community,202506,2025-06-01 00:00:00.000000,2.05,5.07,5.89,12.43,3769.0,2326.0,1797.0,920.0,68.7,95.0,50.7
hamilton health sciences - general,Hamilton Health Sciences - General,West,Teaching,202506,2025-06-01 00:00:00.000000,,5.02,6.73,14.31,3354.0,2557.0,1481.0,910.0,67.4,93.3,40.2
health sciences north,Health Sciences North,North,Teaching,202506,2025-06-01 00:00:00.000000,2.25,5.12,7.56,16.19,3699.0,2593.0,1908.0,850.0,69.7,82.9,28.8
kingston health sciences centre,Kingston Health Sciences Centre,East,Teaching,202506,2025-06-01 00:00:00.000000,2.3,4.31,,13.17,4516.0,2297.0,1839.0,930.0,77.2,95.0,49.5
lakeridge health - oshawa,Lakeridge Health - Oshawa,Central,Large Community,202506,2025-06-01 00:00:00.000000,2.2,5.25,6.74,14.06,3555.0,3075.0,1704.0,1053.0,67.1,91.9,43.0
london health sciences centre - victoria,London Health Sciences Centre - Victoria,West,Teaching,202506,2025-06-01 00:00:00.000000,1.79,4.22,7.93,13.93,3552.0,3166.0,1899.0,1067.0,77.3,82.7,45.8
markham stouffville hospital,Markham Stouffville Hospital,Central,Large Community,202506,2025-06-01 00:00:00.000000,2.23,5.63,6.02,12.05,3587.0,3045.0,1537.0,707.0,63.0,95.0,57.8
niagara health - st. catharines,Niagara Health - St. Catharines,West,Large Community,202506,2025-06-01 00:00:00.000000,1.74,4.49,7.18,13.85,4686.0,2423.0,1712.0,881.0,75.8,91.4,41.3
north york general hospital,North York General Hospital,Toronto,Large Community,202506,2025-06-01 00:00:00.000000,1.97,5.17,7.26,17.42,4962.0,2800.0,1607.0,799.0,70.2,85.4,25.0
ottawa hospital - civic campus,Ottawa Hospital - Civic Campus,East,Teaching,202506,2025-06-01 00:00:00.000000,2.04,5.52,7.43,15.92,4798.0,2803.0,1784.0,750.0,61.4,87.2,25.4
peterborough regional health centre,Peterborough Regional Health Centre,East,Large Community,202506,2025-06-01 00:00:00.000000,1.7,4.32,6.44,13.07,4664.0,2890.0,1724.0,867.0,76.0,95.0,46.2
royal victoria regional health centre,Royal Victoria Regional Health Centre,Central,Large Community,202506,2025-06-01 00:00:00.000000,1.95,5.55,7.16,16.51,4923.0,2389.0,1590.0,864.0,60.9,85.3,26.7
scarborough health network - general,Scarborough Health Network - General,Toronto,Large Community,202506,2025-06-01 00:00:00.000000,1.82,5.67,7.19,,3896.0,2902.0,2058.0,1047.0,62.7,87.0,95.0
st. michael's hospital,St. Michael's Hospital,Toronto,Teaching,202506,2025-06-01 00:00:00.000000,2.04,4.96,7.23,13.98,4469.0,2665.0,1512.0,851.0,70.7,89.0,46.0
sunnybrook health sciences centre,Sunnybrook Health Sciences Centre,Toronto,Teaching,202506,2025-06-01 00:00:00.000000,2.17,4.61,7.31,17.07,3369.0,2222.0,2088.0,776.0,75.9,88.5,25.0
thunder bay regional health sciences centre,Thunder Bay Regional Health Sciences Centre,North,Teaching,202506,2025-06-01 00:00:00.000000,,5.48,6.28,16.73,3519.0,3112.0,1989.0,984.0,63.2,95.0,25.0
toronto general hospital,Toronto General Hospital,Toronto,Teaching,202506,2025-06-01 00:00:00.000000,2.12,5.96,7.34,17.74,3854.0,2218.0,1744.0,1055.0,59.3,84.9,25.0
trillium health partners - mississauga,Trillium Health Partners - Mississauga,Central,Large Community,202506,2025-06-01 00:00:00.000000,2.3,4.76,5.57,14.6,3479.0,3134.0,1486.0,1057.0,74.6,95.0,37.4
william osler health system - brampton civic,William Osler Health System - Brampton Civic,Central,Large Community,202506,2025-06-01 00:00:00.000000,1.79,5.55,6.69,16.04,3308.0,2130.0,1479.0,1065.0,61.7,,25.8
windsor regional hospital - ouellette,Windsor Regional Hospital - Ouellette,West,Large Community,202506,2025-06-01 00:00:00.000000,1.92,4.8,6.04,15.32,4454.0,2988.0,1761.0,970.0,72.9,95.0,36.1
grand river hospital,Grand River Hospital,West,Large Community,202507,2025-07-01 00:00:00.000000,2.09,4.87,5.91,11.95,4042.0,2839.0,1951.0,990.0,72.5,95.0,57.2
hamilton health sciences - general,Hamilton Health Sciences - General,West,Teaching,202507,2025-07-01 00:00:00.000000,1.75,4.9,6.87,13.49,4775.0,2523.0,2167.0,917.0,68.4,95.0,46.6
health sciences north,Health Sciences North,North,Teaching,202507,2025-07-01 00:00:00.000000,1.83,5.88,7.47,17.32,3557.0,2523.0,2176.0,998.0,54.0,,25.0
kingston health sciences centre,Kingston Health Sciences Centre,East,Teaching,202507,2025-07-01 00:00:00.000000,,5.16,6.55,13.31,3816.0,2377.0,1715.0,855.0,67.5,89.9,44.8
lakeridge health - oshawa,Lakeridge Health - Oshawa,Central,Large Community,202507,2025-07-01 00:00:00.000000,2.34,4.73,7.06,15.45,4956.0,3113.0,2083.0,1064.0,,90.3,35.4
london health sciences centre - victoria,London Health Sciences Centre - Victoria,West,Teaching,202507,2025-07-01 00:00:00.000000,1.99,4.72,7.79,16.29,3897.0,2852.0,2069.0,1022.0,73.9,85.4,30.0
markham stouffville hospital,Markham Stouffville Hospital,Central,Large Community,202507,2025-07-01 00:00:00.000000,1.7,4.59,6.27,16.08,4722.0,3313.0,2116.0,1035.0,76.5,95.0,29.4
niagara health - st. catharines,Niagara Health - St. Catharines,West,Large Community,202507,2025-07-01 00:00:00.000000,1.97,4.83,6.9,12.56,4663.0,2304.0,1930.0,995.0,74.0,88.1,53.8
north york general hospital,North York General Hospital,Toronto,Large Community,202507,2025-07-01 00:00:00.000000,2.24,5.13,6.49,17.06,3523.0,2927.0,1967.0,877.0,70.5,95.0,25.0
ottawa hospital - civic campus,Ottawa Hospital - Civic Campus,East,Teaching,202507,2025-07-01 00:00:00.000000,1.89,5.15,7.54,15.54,4827.0,2753.0,2158.0,838.0,68.3,,33.6
peterborough regional health centre,Peterborough Regional Health Centre,East,Large Community,202507,2025-07-01 00:00:00.000000,1.88,4.78,6.94,14.41,3793.0,3059.0,2206.0,711.0,76.4,89.7,37.5
royal victoria regional health centre,Royal Victoria Regional Health Centre,Central,Large Community,202507,2025-07-01 00:00:00.000000,1.72,5.0,6.32,16.28,4404.0,2854.0,1636.0,904.0,72.7,92.7,30.2
scarborough health network - general,Scarborough Health Network - General,Toronto,Large Community,202507,2025-07-01 00:00:00.000000,1.85,4.53,6.09,,3923.0,2682.0,1680.0,1066.0,78.7,95.0,41.3
st. michael's hospital,St. Michael's Hospital,Toronto,Teaching,202507,2025-07-01 00:00:00.000000,2.16,5.75,6.96,15.26,4895.0,2960.0,2082.0,950.0,57.8,88.1,30.7
sunnybrook health sciences centre,Sunnybrook Health Sciences Centre,Toronto,Teaching,202507,2025-07-01 00:00:00.000000,2.39,5.27,6.75,18.46,4333.0,2533.0,2086.0,702.0,65.8,95.0,25.0
thunder bay regional health sciences centre,Thunder Bay Regional Health Sciences Centre,North,Teaching,202507,2025-07-01 00:00:00.000000,2.09,4.63,6.83,17.36,3898.0,2920.0,1666.0,871.0,77.2,92.3,25.0
toronto general hospital,Toronto General Hospital,Toronto,Teaching,202507,2025-07-01 00:00:00.000000,1.99,5.25,7.5,16.17,4774.0,3181.0,2088.0,801.0,63.0,88.3,25.0
trillium health partners - mississauga,Trillium Health Partners - Mississauga,Central,Large Community,202507,2025-07-01 00:00:00.000000,2.18,5.62,,14.49,4676.0,2902.0,1582.0,734.0,59.4,95.0,40.7
william osler health system - brampton civic,William Osler Health System - Brampton Civic,Central,Large Community,202507,2025-07-01 00:00:00.000000,2.26,5.37,5.65,14.08,4255.0,2869.0,2095.0,1016.0,68.5,95.0,44.1
windsor regional hospital - ouellette,Windsor Regional Hospital - Ouellette,West,Large Community,202507,2025-07-01 00:00:00.000000,1.94,4.88,7.17,13.04,4966.0,,2251.0,840.0,73.5,91.6,52.3
grand river hospital,Grand River Hospital,West,Large Community,202508,2025-08-01 00:00:00.000000,1.62,5.16,5.93,12.65,3608.0,2637.0,1507.0,730.0,68.0,95.0,54.4
hamilton health sciences - general,Hamilton Health Sciences - General,West,Teaching,202508,2025-08-01 00:00:00.000000,2.24,5.23,7.48,16.16,4848.0,2340.0,1971.0,977.0,66.6,86.5,29.5
health sciences north,Health Sciences North,North,Teaching,202508,2025-08-01 00:00:00.000000,1.86,5.27,6.05,15.25,4811.0,2257.0,1474.0,1058.0,66.4,94.9,37.2
kingston health sciences centre,Kingston Health Sciences Centre,East,Teaching,202508,2025-08-01 00:00:00.000000,1.97,5.17,6.23,,3588.0,3295.0,1571.0,866.0,65.7,95.0,38.9
lakeridge health - oshawa,Lakeridge Health - Oshawa,Central,Large Community,202508,2025-08-01 00:00:00.000000,2.34,4.42,6.36,14.39,4439.0,3118.0,1690.0,990.0,77.1,91.1,40.5
london health sciences centre - victoria,London Health Sciences Centre - Victoria,West,Teaching,202508,2025-08-01 00:00:00.000000,2.45,4.83,7.98,15.48,4299.0,3147.0,2059.0,1001.0,71.3,83.6,32.8
markham stouffville hospital,Markham Stouffville Hospital,Central,Large Community,202508,2025-08-01 00:00:00.000000,2.34,4.81,7.75,16.85,4450.0,2705.0,1563.0,925.0,,82.0,25.0
niagara health - st. catharines,Niagara Health - St. Catharines,West,Large Community,202508,2025-08-01 00:00:00.000000,1.72,4.7,5.28,12.04,3614.0,2744.0,2005.0,894.0,71.0,95.0,54.0
north york general hospital,North York General Hospital,Toronto,Large Community,202508,2025-08-01 00:00:00.000000,2.35,4.83,6.91,12.93,3691.0,3271.0,2061.0,780.0,68.3,87.9,50.4
ottawa hospital - civic campus,Ottawa Hospital - Civic Campus,East,Teaching,202508,2025-08-01 00:00:00.000000,2.3,4.25,6.48,16.25,4732.0,2656.0,2077.0,878.0,83.0,95.0,26.7
peterborough regional health centre,Peterborough Regional Health Centre,East,Large Community,202508,2025-08-01 00:00:00.000000,1.65,4.27,5.59,13.92,4316.0,2791.0,1968.0,708.0,78.1,95.0,46.7
royal victoria regional health centre,Royal Victoria Regional Health Centre,Central,Large Community,202508,2025-08-01 00:00:00.000000,1.8,5.45,7.17,13.94,4228.0,3219.0,1537.0,724.0,64.3,88.5,42.3
scarborough health network - general,Scarborough Health Network - General,Toronto,Large Community,202508,2025-08-01 00:00:00.000000,1.9,5.04,6.99,,3722.0,3234.0,1951.0,999.0,72.1,88.5,95.0
st. michael's hospital,St. Michael's Hospital,Toronto,Teaching,202508,2025-08-01 00:00:00.000000,1.98,5.08,6.49,13.76,4970.0,2923.0,1624.0,724.0,70.1,93.5,41.0
sunnybrook health sciences centre,Sunnybrook Health Sciences Centre,Toronto,Teaching,202508,2025-08-01 00:00:00.000000,2.31,5.86,8.75,14.0,4851.0,2494.0,2213.0,983.0,57.5,79.8,39.5
thunder bay regional health sciences centre,Thunder Bay Regional Health Sciences Centre,North,Teaching,202508,2025-08-01 00:00:00.000000,1.88,5.28,6.64,17.48,4538.0,3041.0,2071.0,737.0,63.1,92.5,25.0
toronto general hospital,Toronto General Hospital,Toronto,Teaching,202508,2025-08-01 00:00:00.000000,2.58,,6.43,15.86,3723.0,2250.0,1955.0,1033.0,95.0,91.0,31.1
trillium health partners - mississauga,Trillium Health Partners - Mississauga,Central,Large Community,202508,2025-08-01 00:00:00.000000,1.88,5.27,6.66,12.69,4301.0,2976.0,1753.0,806.0,62.5,89.1,55.1
william osler health system - brampton civic,William Osler Health System - Brampton Civic,Central,Large Community,202508,2025-08-01 00:00:00.000000,1.92,4.81,,13.01,3537.0,2419.0,1722.0,761.0,72.4,91.0,48.9
windsor regional hospital - ouellette,Windsor Regional Hospital - Ouellette,West,Large Community,202508,2025-08-01 00:00:00.000000,1.76,,6.68,12.41,3667.0,2414.0,1847.0,947.0,95.0,95.0,50.0
grand river hospital,Grand River Hospital,West,Large Community,202509,2025-09-01 00:00:00.000000,,4.14,6.96,12.95,4773.0,2586.0,1939.0,1064.0,79.8,,50.6
hamilton health sciences - general,Hamilton Health Sciences - General,West,Teaching,202509,2025-09-01 00:00:00.000000,,5.47,7.33,15.76,4765.0,2569.0,1736.0,1038.0,62.5,85.2,27.4
health sciences north,Health Sciences North,North,Teaching,202509,2025-09-01 00:00:00.000000,2.57,4.95,6.89,13.49,3466.0,2905.0,,940.0,67.3,91.6,46.9
kingston health sciences centre,Kingston Health Sciences Centre,East,Teaching,202509,2025-09-01 00:00:00.000000,2.46,,6.95,12.78,4149.0,2943.0,2007.0,974.0,95.0,93.7,50.0
lakeridge health - oshawa,Lakeridge Health - Oshawa,Central,Large Community,202509,2025-09-01 00:00:00.000000,2.49,6.02,6.86,15.03,4794.0,2283.0,1949.0,1065.0,56.6,92.5,32.4
london health sciences centre - victoria,London Health Sciences Centre - Victoria,West,Teaching,202509,2025-09-01 00:00:00.000000,2.46,5.13,7.2,13.52,3440.0,2623.0,1673.0,851.0,71.3,88.3,42.5
markham stouffville hospital,Markham Stouffville Hospital,Central,Large Community,202509,2025-09-01 00:00:00.000000,2.42,5.29,5.95,15.72,4589.0,2961.0,2297.0,1009.0,64.8,95.0,33.6
niagara health - st. catharines,Niagara Health - St. Catharines,West,Large Community,202509,2025-09-01 00:00:00.000000,2.15,5.54,7.38,12.53,3520.0,2981.0,1758.0,725.0,64.3,86.4,54.0
north york general hospital,North York General Hospital,Toronto,Large Community,202509,2025-09-01 00:00:00.000000,2.63,4.53,8.47,16.7,4444.0,3449.0,2142.0,1073.0,75.1,80.2,25.0
ottawa hospital - civic campus,Ottawa Hospital - Civic Campus,East,Teaching,202509,2025-09-01 00:00:00.000000,2.42,4.8,7.79,12.81,3848.0,2755.0,1781.0,1124.0,72.3,87.8,51.3
peterborough regional health centre,Peterborough Regional Health Centre,East,Large Community,202509,2025-09-01 00:00:00.000000,2.06,4.86,7.18,15.24,4070.0,2422.0,2252.0,1120.0,69.7,87.5,
royal victoria regional health centre,Royal Victoria Regional Health Centre,Central,Large Community,202509,2025-09-01 00:00:00.000000,1.93,4.47,6.58,13.02,4537.0,3203.0,1635.0,1020.0,78.5,90.8,49.6
scarborough health network - general,Scarborough Health Network - General,Toronto,Large Community,202509,2025-09-01 00:00:00.000000,2.23,5.12,8.55,16.75,4371.0,3001.0,2181.0,753.0,64.4,77.4,25.0
st. michael's hospital,St. Michael's Hospital,Toronto,Teaching,202509,2025-09-01 00:00:00.000000,2.1,6.32,8.56,17.51,4724.0,2890.0,,868.0,49.4,77.3,25.0
sunnybrook health sciences centre,Sunnybrook Health Sciences Centre,Toronto,Teaching,202509,2025-09-01 00:00:00.000000,2.46,5.28,9.18,17.34,4112.0,3010.0,2363.0,769.0,68.8,78.5,25.0
thunder bay regional health sciences centre,Thunder Bay Regional Health Sciences Centre,North,Teaching,202509,2025-09-01 00:00:00.000000,2.61,5.97,8.58,,5010.0,3306.0,1650.0,972.0,58.4,79.7,38.9
toronto general hospital,Toronto General Hospital,Toronto,Teaching,202509,2025-09-01 00:00:00.000000,2.09,5.31,7.01,17.87,3813.0,2573.0,1783.0,1080.0,64.8,90.0,25.0
trillium health partners - mississauga,Trillium Health Partners - Mississauga,Central,Large Community,202509,2025-09-01 00:00:00.000000,1.99,5.91,6.65,16.97,5017.0,3042.0,2126.0,948.0,53.5,89.8,25.0
william osler health system - brampton civic,William Osler Health System - Brampton Civic,Central,Large Community,202509,2025-09-01 00:00:00.000000,2.09,5.58,6.08,14.45,3666.0,3440.0,1768.0,944.0,,95.0,35.3
windsor regional hospital - ouellette,Windsor Regional Hospital - Ouellette,West,Large Community,202509,2025-09-01 00:00:00.000000,1.99,5.51,6.62,12.88,5072.0,2244.0,2045.0,858.0,66.4,92.1,48.8
grand river hospital,Grand River Hospital,West,Large Community,202510,2025-10-01 00:00:00.000000,2.22,5.2,,12.52,3988.0,2317.0,2236.0,1015.0,63.6,95.0,54.7
hamilton health sciences - general,Hamilton Health Sciences - General,West,Teaching,202510,2025-10-01 00:00:00.000000,2.29,5.89,7.62,13.4,3526.0,3046.0,1827.0,756.0,,88.3,45.1
health sciences north,Health Sciences North,North,Teaching,202510,2025-10-01 00:00:00.000000,2.35,5.21,6.4,14.03,4012.0,2564.0,2055.0,934.0,64.0,95.0,43.4
kingston health sciences centre,Kingston Health Sciences Centre,East,Teaching,202510,2025-10-01 00:00:00.000000,1.86,4.63,7.68,15.57,5024.0,2944.0,1793.0,1054.0,72.7,82.2,35.0
lakeridge health - oshawa,Lakeridge Health - Oshawa,Central,Large Community,202510,2025-10-01 00:00:00.000000,2.33,5.96,7.95,15.32,4595.0,2386.0,1834.0,818.0,57.1,84.3,33.7
london health sciences centre - victoria,London Health Sciences Centre - Victoria,West,Teaching,202510,2025-10-01 00:00:00.000000,2.57,5.7,7.19,15.97,4516.0,2768.0,1946.0,971.0,57.6,89.8,25.1
markham stouffville hospital,Markham Stouffville Hospital,Central,Large Community,202510,2025-10-01 00:00:00.000000,1.88,5.95,7.02,14.12,3603.0,2240.0,2108.0,1015.0,57.9,88.6,44.6
niagara health - st. catharines,Niagara Health - St. Catharines,West,Large Community,202510,2025-10-01 00:00:00.000000,2.01,5.0,6.79,14.2,3972.0,2610.0,1964.0,867.0,69.0,93.1,42.4
north york general hospital,North York General Hospital,Toronto,Large Community,202510,2025-10-01 00:00:00.000000,2.09,4.59,7.99,13.66,4925.0,3118.0,1639.0,888.0,,86.9,48.1
ottawa hospital - civic campus,Ottawa Hospital - Civic Campus,East,Teaching,202510,2025-10-01 00:00:00.000000,2.44,5.53,7.57,15.25,3853.0,3148.0,2106.0,1020.0,61.7,86.5,36.8
peterborough regional health centre,Peterborough Regional Health Centre,East,Large Community,202510,2025-10-01 00:00:00.000000,2.31,5.61,7.31,,4729.0,3283.0,1645.0,1055.0,65.2,89.5,95.0
royal victoria regional health centre,Royal Victoria Regional Health Centre,Central,Large Community,202510,2025-10-01 00:00:00.000000,1.95,4.74,6.47,15.44,4217.0,2334.0,1662.0,1102.0,76.7,93.5,34.9
scarborough health network - general,Scarborough Health Network - General,Toronto,Large Community,202510,2025-10-01 00:00:00.000000,1.94,,8.32,16.77,5064.0,2730.0,2318.0,954.0,95.0,80.5,25.0
st. michael's hospital,St. Michael's Hospital,Toronto,Teaching,202510,2025-10-01 00:00:00.000000,2.72,6.23,7.89,17.24,4526.0,2883.0,1639.0,1007.0,52.7,87.9,25.0
sunnybrook health sciences centre,Sunnybrook Health Sciences Centre,Toronto,Teaching,202510,2025-10-01 00:00:00.000000,2.09,5.88,7.0,17.97,3944.0,2401.0,2319.0,757.0,57.1,93.1,25.0
thunder bay regional health sciences centre,Thunder Bay Regional Health Sciences Centre,North,Teaching,202510,2025-10-01 00:00:00.000000,2.03,6.24,8.39,15.74,4912.0,2289.0,2180.0,881.0,56.1,83.5,34.0
toronto general hospital,Toronto General Hospital,Toronto,Teaching,202510,2025-10-01 00:00:00.000000,2.65,5.06,,15.54,3691.0,2442.0,2259.0,942.0,71.5,93.1,27.9
trillium health partners - mississauga,Trillium Health Partners - Mississauga,Central,Large Community,202510,2025-10-01 00:00:00.000000,2.44,5.45,5.92,17.12,3409.0,,2070.0,785.0,64.8,95.0,25.0
william osler health system - brampton civic,William Osler Health System - Brampton Civic,Central,Large Community,202510,2025-10-01 00:00:00.000000,1.94,5.84,6.5,16.8,4222.0,2404.0,1647.0,969.0,59.0,95.0,25.0
windsor regional hospital - ouellette,Windsor Regional Hospital - Ouellette,West,Large Community,202510,2025-10-01 00:00:00.000000,2.24,4.85,7.43,16.1,4120.0,2645.0,2348.0,1038.0,67.9,87.6,26.2
grand river hospital,Grand River Hospital,West,Large Community,202511,2025-11-01 00:00:00.000000,2.18,5.48,7.09,15.55,5141.0,2583.0,1665.0,924.0,61.2,87.5,29.7
hamilton health sciences - general,Hamilton Health Sciences - General,West,Teaching,202511,2025-11-01 00:00:00.000000,2.27,6.16,7.52,15.18,3853.0,2949.0,2370.0,1023.0,55.3,,33.0
health sciences north,Health Sciences North,North,Teaching,202511,2025-11-01 00:00:00.000000,2.11,5.29,8.09,,4102.0,3428.0,1648.0,754.0,63.9,81.4,95.0
kingston health sciences centre,Kingston Health Sciences Centre,East,Teaching,202511,2025-11-01 00:00:00.000000,2.09,6.04,6.67,13.97,3697.0,2922.0,2072.0,870.0,51.6,92.2,42.1
lakeridge health - oshawa,Lakeridge Health - Oshawa,Central,Large Community,202511,2025-11-01 00:00:00.000000,2.14,5.18,6.94,13.03,5194.0,2255.0,1929.0,927.0,70.3,93.7,51.6
london health sciences centre - victoria,London Health Sciences Centre - Victoria,West,Teaching,202511,2025-11-01 00:00:00.000000,1.9,5.06,6.64,17.59,3565.0,2285.0,1970.0,825.0,71.0,93.4,25.0
markham stouffville hospital,Markham Stouffville Hospital,Central,Large Community,202511,2025-11-01 00:00:00.000000,1.89,4.55,6.67,16.47,3745.0,3490.0,1805.0,844.0,74.0,89.4,25.8
niagara health - st. catharines,Niagara Health - St. Catharines,West,Large Community,202511,2025-11-01 00:00:00.000000,2.23,5.66,6.4,12.95,4037.0,3227.0,1678.0,777.0,60.4,94.9,45.9
north york general hospital,North York General Hospital,Toronto,Large Community,202511,2025-11-01 00:00:00.000000,2.2,5.85,6.94,14.64,3933.0,2936.0,2304.0,743.0,59.7,92.8,36.6
ottawa hospital - civic campus,Ottawa Hospital - Civic Campus,East,Teaching,202511,2025-11-01 00:00:00.000000,2.46,5.86,7.92,13.61,4062.0,2720.0,1674.0,1038.0,61.9,,44.2
peterborough regional health centre,Peterborough Regional Health Centre,East,Large Community,202511,2025-11-01 00:00:00.000000,2.34,4.07,5.54,12.15,4778.0,2277.0,2232.0,933.0,83.9,95.0,51.5
royal victoria regional health centre,Royal Victoria Regional Health Centre,Central,Large Community,202511,2025-11-01 00:00:00.000000,1.83,4.94,5.81,13.2,3391.0,2983.0,1557.0,881.0,74.2,,
scarborough health network - general,Scarborough Health Network - General,Toronto,Large Community,202511,2025-11-01 00:00:00.000000,,5.14,8.19,17.38,3387.0,2923.0,2108.0,972.0,67.5,86.1,25.0
st. michael's hospital,St. Michael's Hospital,Toronto,Teaching,202511,2025-11-01 00:00:00.000000,2.66,6.82,7.2,17.48,4296.0,2369.0,2213.0,961.0,44.3,88.4,25.0
sunnybrook health sciences centre,Sunnybrook Health Sciences Centre,Toronto,Teaching,202511,2025-11-01 00:00:00.000000,2.04,5.45,8.51,14.91,3445.0,2548.0,2147.0,837.0,60.0,80.1,38.5
thunder bay regional health sciences centre,Thunder Bay Regional Health Sciences Centre,North,Teaching,202511,2025-11-01 00:00:00.000000,1.97,4.52,7.84,14.0,4284.0,2718.0,2076.0,783.0,79.9,86.4,45.2
toronto general hospital,Toronto General Hospital,Toronto,Teaching,202511,2025-11-01 00:00:00.000000,2.48,5.81,7.33,16.24,3536.0,2834.0,1775.0,796.0,61.5,87.7,25.0
trillium health partners - mississauga,Trillium Health Partners - Mississauga,Central,Large Community,202511,2025-11-01 00:00:00.000000,2.23,5.37,6.85,15.35,4038.0,2786.0,2295.0,926.0,66.1,94.2,31.8
william osler health system - brampton civic,William Osler Health System - Brampton Civic,Central,Large Community,202511,2025-11-01 00:00:00.000000,2.15,5.85,7.28,14.55,3867.0,2959.0,1884.0,753.0,60.1,,41.9
windsor regional hospital - ouellette,Windsor Regional Hospital - Ouellette,West,Large Community,202511,2025-11-01 00:00:00.000000,2.27,4.63,6.01,15.34,5248.0,3136.0,2204.0,760.0,73.7,95.0,29.8
grand river hospital,Grand River Hospital,West,Large Community,202512,2025-12-01 00:00:00.000000,2.27,5.2,7.96,18.53,4446.0,3783.0,2402.0,1036.0,,82.5,25.0
hamilton health sciences - general,Hamilton Health Sciences - General,West,Teaching,202512,2025-12-01 00:00:00.000000,2.23,6.28,9.39,18.73,5319.0,3375.0,2579.0,885.0,51.1,74.1,25.0
health sciences north,Health Sciences North,North,Teaching,202512,2025-12-01 00:00:00.000000,2.15,5.28,7.09,15.01,5082.0,3793.0,1740.0,1029.0,69.8,90.5,38.4
kingston health sciences centre,Kingston Health Sciences Centre,East,Teaching,202512,2025-12-01 00:00:00.000000,2.16,6.24,9.05,18.6,5262.0,3448.0,1851.0,1224.0,52.9,77.9,25.0
lakeridge health - oshawa,Lakeridge Health - Oshawa,Central,Large Community,202512,2025-12-01 00:00:00.000000,2.03,6.67,8.0,17.73,4441.0,3227.0,2377.0,1223.0,47.5,82.6,25.0
london health sciences centre - victoria,London Health Sciences Centre - Victoria,West,Teaching,202512,2025-12-01 00:00:00.000000,2.25,,8.68,18.37,4378.0,3408.0,2292.0,1211.0,95.0,82.2,25.0
markham stouffville hospital,Markham Stouffville Hospital,Central,Large Community,202512,2025-12-01 00:00:00.000000,2.78,5.81,6.99,16.57,4587.0,2728.0,2646.0,948.0,61.9,90.6,25.0
niagara health - st. catharines,Niagara Health - St. Catharines,West,Large Community,202512,2025-12-01 00:00:00.000000,2.01,,6.32,14.01,5505.0,3210.0,1866.0,1042.0,95.0,95.0,40.3
north york general hospital,North York General Hospital,Toronto,Large Community,202512,2025-12-01 00:00:00.000000,2.2,6.64,7.38,18.85,3925.0,2921.0,1833.0,1012.0,47.5,84.8,25.0
ottawa hospital - civic campus,Ottawa Hospital - Civic Campus,East,Teaching,202512,2025-12-01 00:00:00.000000,2.8,5.84,8.98,15.3,5651.0,2940.0,2046.0,972.0,60.0,72.9,35.5
peterborough regional health centre,Peterborough Regional Health Centre,East,Large Community,202512,2025-12-01 00:00:00.000000,2.27,5.58,8.06,14.69,5608.0,3060.0,2416.0,986.0,61.0,86.5,35.1
royal victoria regional health centre,Royal Victoria Regional Health Centre,Central,Large Community,202512,2025-12-01 00:00:00.000000,2.12,5.25,6.56,14.23,3827.0,2621.0,2243.0,896.0,69.9,92.9,37.9
scarborough health network - general,Scarborough Health Network - General,Toronto,Large Community,202512,2025-12-01 00:00:00.000000,2.83,5.58,9.16,19.78,5775.0,3438.0,2199.0,1068.0,59.7,79.4,25.0
st. michael's hospital,St. Michael's Hospital,Toronto,Teaching,202512,2025-12-01 00:00:00.000000,2.96,6.72,8.34,18.9,4634.0,2888.0,1704.0,902.0,45.3,82.2,25.0
sunnybrook health sciences centre,Sunnybrook Health Sciences Centre,Toronto,Teaching,202512,2025-12-01 00:00:00.000000,2.74,7.4,9.08,21.32,4818.0,3432.0,1888.0,960.0,33.8,74.3,25.0
thunder bay regional health sciences centre,Thunder Bay Regional Health Sciences Centre,North,Teaching,202512,2025-12-01 00:00:00.000000,2.25,5.81,7.87,18.18,4860.0,3696.0,2275.0,867.0,,81.1,25.0
toronto general hospital,Toronto General Hospital,Toronto,Teaching,202512,2025-12-01 00:00:00.000000,3.0,5.75,9.25,21.09,5143.0,3737.0,2552.0,1125.0,58.1,76.0,25.0
trillium health partners - mississauga,Trillium Health Partners - Mississauga,Central,Large Community,202512,2025-12-01 00:00:00.000000,2.15,6.52,7.73,14.71,4595.0,2772.0,2090.0,867.0,45.7,86.3,40.3
william osler health system - brampton civic,William Osler Health System - Brampton Civic,Central,Large Community,202512,2025-12-01 00:00:00.000000,2.55,5.39,7.11,16.7,4292.0,3669.0,2395.0,1233.0,,91.7,25.0
windsor regional hospital - ouellette,Windsor Regional Hospital - Ouellette,West,Large Community,202512,2025-12-01 00:00:00.000000,2.37,4.89,6.2,16.46,3989.0,3423.0,2203.0,962.0,71.1,95.0,25.0
